{"cameraMode":{"drawMode":0,"name":"Shaded","section":"Shading Mode"},"sceneLighting":false,"audioPlay":false,"sceneViewState":{"showFog":true,"showMaterialUpdate":false,"showSkybox":true,"showFlares":true,"showImageEffects":true,"showParticleSystems":true},"in2DMode":false,"pivot":{"x":-0.02773413062095642,"y":0.020239785313606263,"z":-0.7512201070785523},"rotation":{"x":0.11426383256912232,"y":0.7868393659591675,"z":-0.15321111679077149,"w":0.5868167877197266},"size":1.4792912006378174,"orthographic":false}