{"cameraMode":{"drawMode":0,"name":"Shaded","section":"Shading Mode"},"sceneLighting":false,"audioPlay":false,"sceneViewState":{"showFog":true,"showMaterialUpdate":false,"showSkybox":true,"showFlares":true,"showImageEffects":true,"showParticleSystems":true},"in2DMode":false,"pivot":{"x":0.49031299352645876,"y":-0.3324720859527588,"z":-0.8195176124572754},"rotation":{"x":0.11426383256912232,"y":0.7868393659591675,"z":-0.15321111679077149,"w":0.5868167877197266},"size":1.970921277999878,"orthographic":false}