{"cameraMode":{"drawMode":0,"name":"Shaded","section":"Shading Mode"},"sceneLighting":false,"audioPlay":false,"sceneViewState":{"showFog":true,"showMaterialUpdate":false,"showSkybox":true,"showFlares":true,"showImageEffects":true,"showParticleSystems":true},"in2DMode":false,"pivot":{"x":1.0485589504241944,"y":-3.6292190551757814,"z":3.182666778564453},"rotation":{"x":0.2065279334783554,"y":-0.4914005696773529,"z":0.12120012193918228,"w":0.8373662829399109},"size":20.93852996826172,"orthographic":false}