{"cameraMode":{"drawMode":0,"name":"Shaded","section":"Shading Mode"},"sceneLighting":false,"audioPlay":false,"sceneViewState":{"showFog":true,"showMaterialUpdate":false,"showSkybox":true,"showFlares":true,"showImageEffects":true,"showParticleSystems":true},"in2DMode":false,"pivot":{"x":-1.9781348705291749,"y":-3.731288433074951,"z":0.3161594271659851},"rotation":{"x":-0.015897348523139955,"y":0.010498395189642907,"z":-0.00016790349036455154,"w":-0.9998185038566589},"size":18.821352005004884,"orthographic":false}