{"cameraMode":{"drawMode":0,"name":"Shaded","section":"Shading Mode"},"sceneLighting":false,"audioPlay":false,"sceneViewState":{"showFog":true,"showMaterialUpdate":false,"showSkybox":true,"showFlares":true,"showImageEffects":true,"showParticleSystems":true},"in2DMode":false,"pivot":{"x":1.011534571647644,"y":-1.218019962310791,"z":-1.3551051616668702},"rotation":{"x":-0.07671543210744858,"y":0.014357428066432476,"z":-0.0011039773235097528,"w":-0.9969490766525269},"size":18.48950958251953,"orthographic":false}