{"cameraMode":{"drawMode":0,"name":"Shaded","section":"Shading Mode"},"sceneLighting":false,"audioPlay":false,"sceneViewState":{"showFog":true,"showMaterialUpdate":false,"showSkybox":true,"showFlares":true,"showImageEffects":true,"showParticleSystems":true},"in2DMode":false,"pivot":{"x":-0.000512510072439909,"y":0.028251349925994874,"z":-12.654195785522461},"rotation":{"x":-0.3092528283596039,"y":-0.597872793674469,"z":0.2682904303073883,"w":-0.6891525387763977},"size":2.542109251022339,"orthographic":false}