{"cameraMode":{"drawMode":0,"name":"Shaded","section":"Shading Mode"},"sceneLighting":false,"audioPlay":false,"sceneViewState":{"showFog":true,"showMaterialUpdate":false,"showSkybox":true,"showFlares":true,"showImageEffects":true,"showParticleSystems":true},"in2DMode":false,"pivot":{"x":0.1324903666973114,"y":-0.11805307865142822,"z":-0.5388528108596802},"rotation":{"x":0.25822558999061587,"y":0.6560871601104736,"z":-0.2562171220779419,"w":0.6612276434898377},"size":0.4568103551864624,"orthographic":false}