{"cameraMode":{"drawMode":0,"name":"Shaded","section":"Shading Mode"},"sceneLighting":false,"audioPlay":false,"sceneViewState":{"showFog":true,"showMaterialUpdate":false,"showSkybox":true,"showFlares":true,"showImageEffects":true,"showParticleSystems":true},"in2DMode":false,"pivot":{"x":1.4937069416046143,"y":0.46883201599121096,"z":1.6114768981933594},"rotation":{"x":-0.2726447582244873,"y":-0.6970319151878357,"z":0.3305427134037018,"w":-0.5749372243881226},"size":17.931102752685548,"orthographic":false}