{"cameraMode":{"drawMode":0,"name":"Shaded","section":"Shading Mode"},"sceneLighting":false,"audioPlay":false,"sceneViewState":{"showFog":true,"showMaterialUpdate":false,"showSkybox":true,"showFlares":true,"showImageEffects":true,"showParticleSystems":true},"in2DMode":false,"pivot":{"x":1.057906150817871,"y":-0.527662992477417,"z":-1.3140822649002076},"rotation":{"x":0.22875481843948365,"y":0.6995429992675781,"z":-0.2552029490470886,"w":0.6270425319671631},"size":2.721198558807373,"orthographic":false}